{"cameraMode":{"drawMode":0,"name":"Shaded","section":"Shading Mode"},"sceneLighting":true,"audioPlay":false,"sceneViewState":{"showFog":true,"showMaterialUpdate":false,"showSkybox":true,"showFlares":true,"showImageEffects":true,"showParticleSystems":true},"in2DMode":false,"pivot":{"x":2.2443430423736574,"y":3.941080093383789,"z":-14.29511547088623},"rotation":{"x":0.06385467201471329,"y":-0.0074851070530712608,"z":0.0004775912966579199,"w":0.9979395866394043},"size":6.094473838806152,"orthographic":true}