{"cameraMode":{"drawMode":0,"name":"Shaded","section":"Shading Mode"},"sceneLighting":true,"audioPlay":false,"sceneViewState":{"showFog":true,"showMaterialUpdate":false,"showSkybox":true,"showFlares":true,"showImageEffects":true,"showParticleSystems":true},"in2DMode":false,"pivot":{"x":0.1974020004272461,"y":1.3919448852539063,"z":-7.770472526550293},"rotation":{"x":0.1310148686170578,"y":-0.008922066539525986,"z":0.001180834835395217,"w":0.9913426637649536},"size":5.172173500061035,"orthographic":true}