{"cameraMode":{"drawMode":0,"name":"Shaded","section":"Shading Mode"},"sceneLighting":true,"audioPlay":false,"sceneViewState":{"showFog":true,"showMaterialUpdate":false,"showSkybox":false,"showFlares":true,"showImageEffects":true,"showParticleSystems":true},"in2DMode":false,"pivot":{"x":3.227487325668335,"y":-0.9005765914916992,"z":-19.298954010009767},"rotation":{"x":-0.4529615640640259,"y":0.05368778109550476,"z":-0.02736947499215603,"w":-0.8895151615142822},"size":18.186532974243165,"orthographic":true}