{"cameraMode":{"drawMode":0,"name":"Shaded","section":"Shading Mode"},"sceneLighting":true,"audioPlay":false,"sceneViewState":{"showFog":true,"showMaterialUpdate":false,"showSkybox":true,"showFlares":true,"showImageEffects":true,"showParticleSystems":true},"in2DMode":false,"pivot":{"x":0.3099222183227539,"y":1.5396957397460938,"z":-5.276455879211426},"rotation":{"x":0.3144887089729309,"y":0.2521316111087799,"z":-0.08703736215829849,"w":0.9110175371170044},"size":6.370964050292969,"orthographic":true}