{"cameraMode":{"drawMode":0,"name":"Shaded","section":"Shading Mode"},"sceneLighting":false,"audioPlay":false,"sceneViewState":{"showFog":true,"showMaterialUpdate":false,"showSkybox":false,"showFlares":true,"showImageEffects":true,"showParticleSystems":true},"in2DMode":false,"pivot":{"x":1881.9012451171875,"y":832.4730834960938,"z":-270.729248046875},"rotation":{"x":-0.16117891669273377,"y":0.037291817367076877,"z":-0.006098687183111906,"w":-0.9862130284309387},"size":0.34723734855651858,"orthographic":true}